,id,xT_predicted,pressure based_contrib,speed based_contrib,position based_contrib,event based_contrib
count,178.0,178.0,178.0,178.0,178.0,178.0
mean,1442322792.9044943,0.05925976112484932,-9.355812005268173e-19,-8.607347044846719e-17,4.775362377688963e-19,2.1830228012292403e-18
std,680.8707177797928,0.012612954713404179,0.004546229604693436,0.03144184261069446,0.001322531044390618,0.01573738526926253
min,1442321577.0,0.025630084797739983,-0.013804992087115761,-0.063631252169351,-0.0017276713794682095,-0.02032571078016073
25%,1442322263.75,0.05178240314126015,-0.002399125795837641,-0.02252839983675975,-0.0009255915866242604,-0.011115736025442993
50%,1442322900.0,0.06115284748375416,0.0004549379552665003,-0.0065657241134690625,-0.0002575901371003014,-0.005755726875686198
75%,1442323405.25,0.06652335822582245,0.0027429454347356157,0.021018238351277668,0.0004943009877379373,0.0061341870856197606
max,1442323882.0,0.12921768426895142,0.009036412660618928,0.09765206494030715,0.008444533496335171,0.05864386954825064
