,id,xT_predicted,pressure based_contrib,speed based_contrib,position based_contrib,event based_contrib
count,178.0,178.0,178.0,178.0,178.0,178.0
mean,1442322792.9044943,0.05925976112484932,-1.470616699578091e-17,3.5863946020194665e-17,2.923691251646304e-19,2.260987901273142e-18
std,680.8707177797928,0.012612954713404179,0.004546229604693434,0.031441842610694465,0.001322531044390618,0.01573738526926253
min,1442321577.0,0.025630084797739983,-0.01380499208711578,-0.06363125216935091,-0.0017276713794682095,-0.020325710780160735
25%,1442322263.75,0.05178240314126015,-0.0023991257958376495,-0.022528399836759635,-0.0009255915866242605,-0.011115736025442993
50%,1442322900.0,0.06115284748375416,0.00045493795526649057,-0.006565724113468946,-0.00025759013710030174,-0.005755726875686198
75%,1442323405.25,0.06652335822582245,0.002742945434735601,0.0210182383512778,0.0004943009877379372,0.006134187085619759
max,1442323882.0,0.12921768426895142,0.009036412660618911,0.09765206494030729,0.008444533496335171,0.05864386954825064
