,id,xT_predicted,pressure based_contrib,speed based_contrib,position based_contrib,event based_contrib
count,178.0,178.0,178.0,178.0,178.0,178.0
mean,1442322792.9044943,0.05925976112484932,-1.4598964983220544e-17,3.555208562001906e-17,3.021147626701181e-19,2.260987901273142e-18
std,680.8707177797919,0.012612953782081604,0.004546229100787575,0.03144184569212568,0.001322531487082439,0.015737385269262532
min,1442321577.0,0.025630084797739983,-0.01380499055696508,-0.06363125840547802,-0.0017276719577729632,-0.020325710780160735
25%,1442322263.75,0.05178240314126015,-0.0023991255299176117,-0.02252840204463643,-0.0009255918964482357,-0.011115736025442993
50%,1442322900.0,0.06115284748375416,0.0004549379048409903,-0.006565724756937192,-0.00025759022332364406,-0.005755726875686198
75%,1442323405.25,0.06652335822582245,0.00274294513070646,0.021018240411152495,0.0004943011531956824,0.006134187085619759
max,1442323882.0,0.12921768426895142,0.009036411659019411,0.0976520745106154,0.008444536322980286,0.05864386954825064
