model4_coeff,value_model4_coeff
start_distance_to_goal,-0.006692471029733888
end_distance_to_goal,-0.06778949335431937
pass_length,-0.0008641986033249019
pass_angle,-2.4871351710165816e-05
start_angle_to_goal,-0.013155523545273405
end_angle_to_goal,-0.052341294122673535
start_distance_to_sideline,0.012895808264997427
end_distance_to_sideline,0.002021687903543059
