model3_coeff,value_model3_coeff
teammates_behind,0.15952691116273157
teammates_beyond,0.07547860750845738
opponents_beyond,-0.36694725543461904
opponents_behind,-0.30588839421179664
opponents_between,-0.0057189762491643755
