model1_coeff,value_model1_coeff
packing,0.04680295257068054
pressure_on_passer,0.09145131051491925
teammates_nearby,-0.03699163038053732
opponents_nearby,0.08627313788989656
