model1_coeff,value_model1_coeff
packing,0.0680059639048152
pressure_on_passer,0.04226328547160214
teammates_nearby,-0.04018598717160988
opponents_nearby,0.09977070066776948
